{"UUID":"lRTaBw5cqSNxj7t8nfGXBu","layoutMainAxisSizing":null,"layoutCrossAxisSizing":null,"name":"okoipay","isVisible":true,"boundaryRectangle":null,"style":null,"prototypeNodeUUID":null,"child":null,"constraints":null,"debug":false,"pngPath":"/usr/src/app/temp-out/pb-tmp-80577a55-f073-4f41-956b-7af3c7655054/ourprojecct/lib/assets/images","pages":[{"UUID":"0:1","layoutMainAxisSizing":null,"layoutCrossAxisSizing":null,"name":"Page 1","isVisible":true,"boundaryRectangle":null,"style":null,"prototypeNodeUUID":null,"child":null,"constraints":null,"convert":true,"screens":[],"pbdlType":"page"}],"miscPages":[],"sharedStyles":[],"globalStyles":{"UUID":"","layoutMainAxisSizing":null,"layoutCrossAxisSizing":null,"name":"","isVisible":false,"boundaryRectangle":null,"style":null,"prototypeNodeUUID":null,"child":null,"constraints":null,"pbdlType":"global_styles","designSystem":"material","colors":[{"UUID":"2:73","layoutMainAxisSizing":null,"layoutCrossAxisSizing":null,"name":"Primary Colors/white","isVisible":false,"boundaryRectangle":null,"style":null,"prototypeNodeUUID":null,"child":null,"constraints":null,"description":"","pbdlType":"global_color","color":{"a":1.0,"r":1.0,"g":1.0,"b":1.0}},{"UUID":"2:230","layoutMainAxisSizing":null,"layoutCrossAxisSizing":null,"name":"Primary Colors/Simple Black/100","isVisible":false,"boundaryRectangle":null,"style":null,"prototypeNodeUUID":null,"child":null,"constraints":null,"description":"","pbdlType":"global_color","color":{"a":1.0,"r":0.8509804010391235,"g":0.8509804010391235,"b":0.8509804010391235}},{"UUID":"2:232","layoutMainAxisSizing":null,"layoutCrossAxisSizing":null,"name":"yellow/500","isVisible":false,"boundaryRectangle":null,"style":null,"prototypeNodeUUID":null,"child":null,"constraints":null,"description":"","pbdlType":"global_color","color":{"a":1.0,"r":0.9176470637321472,"g":0.7019608020782471,"b":0.0313725508749485}},{"UUID":"2:235","layoutMainAxisSizing":null,"layoutCrossAxisSizing":null,"name":"Primary Colors/Simple Black/800","isVisible":false,"boundaryRectangle":null,"style":null,"prototypeNodeUUID":null,"child":null,"constraints":null,"description":"","pbdlType":"global_color","color":{"a":1.0,"r":0.206462562084198,"g":0.2064625322818756,"b":0.2064625322818756}},{"UUID":"2:103","layoutMainAxisSizing":null,"layoutCrossAxisSizing":null,"name":"Primary Colors/Simple Black/300","isVisible":false,"boundaryRectangle":null,"style":null,"prototypeNodeUUID":null,"child":null,"constraints":null,"description":"","pbdlType":"global_color","color":{"a":1.0,"r":0.6518383622169495,"g":0.6518383026123047,"b":0.6518383026123047}},{"UUID":"2:71","layoutMainAxisSizing":null,"layoutCrossAxisSizing":null,"name":"Primary Colors/Simple Black/50","isVisible":false,"boundaryRectangle":null,"style":null,"prototypeNodeUUID":null,"child":null,"constraints":null,"description":"","pbdlType":"global_color","color":{"a":1.0,"r":0.9547236561775208,"g":0.9547235369682312,"b":0.954723596572876}},{"UUID":"2:236","layoutMainAxisSizing":null,"layoutCrossAxisSizing":null,"name":"blue/400","isVisible":false,"boundaryRectangle":null,"style":null,"prototypeNodeUUID":null,"child":null,"constraints":null,"description":"","pbdlType":"global_color","color":{"a":1.0,"r":0.3764705955982208,"g":0.6470588445663452,"b":0.9803921580314636}},{"UUID":"2:68","layoutMainAxisSizing":null,"layoutCrossAxisSizing":null,"name":"Primary Colors/Simple Black/900","isVisible":false,"boundaryRectangle":null,"style":null,"prototypeNodeUUID":null,"child":null,"constraints":null,"description":"","pbdlType":"global_color","color":{"a":1.0,"r":0.0784313753247261,"g":0.0784313753247261,"b":0.0784313753247261}},{"UUID":"2:115","layoutMainAxisSizing":null,"layoutCrossAxisSizing":null,"name":"cool-gray/900","isVisible":false,"boundaryRectangle":null,"style":null,"prototypeNodeUUID":null,"child":null,"constraints":null,"description":"","pbdlType":"global_color","color":{"a":1.0,"r":0.06666667014360428,"g":0.0941176488995552,"b":0.15294118225574493}},{"UUID":"2:72","layoutMainAxisSizing":null,"layoutCrossAxisSizing":null,"name":"Primary Colors/black","isVisible":false,"boundaryRectangle":null,"style":null,"prototypeNodeUUID":null,"child":null,"constraints":null,"description":"","pbdlType":"global_color","color":{"a":1.0,"r":0.0,"g":0.0,"b":0.0}},{"UUID":"2:70","layoutMainAxisSizing":null,"layoutCrossAxisSizing":null,"name":"Primary Colors/Simple Black/200","isVisible":false,"boundaryRectangle":null,"style":null,"prototypeNodeUUID":null,"child":null,"constraints":null,"description":"","pbdlType":"global_color","color":{"a":1.0,"r":0.7507392168045044,"g":0.7507391571998596,"b":0.7507392168045044}},{"UUID":"2:121","layoutMainAxisSizing":null,"layoutCrossAxisSizing":null,"name":"slate/900","isVisible":false,"boundaryRectangle":null,"style":null,"prototypeNodeUUID":null,"child":null,"constraints":null,"description":"","pbdlType":"global_color","color":{"a":1.0,"r":0.05882352963089943,"g":0.09019608050584793,"b":0.16470588743686676}},{"UUID":"2:74","layoutMainAxisSizing":null,"layoutCrossAxisSizing":null,"name":"Primary Colors/Simple Yellow/400","isVisible":false,"boundaryRectangle":null,"style":null,"prototypeNodeUUID":null,"child":null,"constraints":null,"description":"","pbdlType":"global_color","color":{"a":1.0,"r":0.8332889080047607,"g":0.5505415797233582,"b":0.0}},{"UUID":"5:836","layoutMainAxisSizing":null,"layoutCrossAxisSizing":null,"name":"System Bg Dark Base / Primary","isVisible":false,"boundaryRectangle":null,"style":null,"prototypeNodeUUID":null,"child":null,"constraints":null,"description":"","pbdlType":"global_color","color":{"a":1.0,"r":0.0,"g":0.0,"b":0.0}},{"UUID":"5:837","layoutMainAxisSizing":null,"layoutCrossAxisSizing":null,"name":"Label Light / Primary","isVisible":false,"boundaryRectangle":null,"style":null,"prototypeNodeUUID":null,"child":null,"constraints":null,"description":"","pbdlType":"global_color","color":{"a":1.0,"r":0.0,"g":0.0,"b":0.0}},{"UUID":"5:838","layoutMainAxisSizing":null,"layoutCrossAxisSizing":null,"name":"Label Dark / Primary","isVisible":false,"boundaryRectangle":null,"style":null,"prototypeNodeUUID":null,"child":null,"constraints":null,"description":"","pbdlType":"global_color","color":{"a":1.0,"r":1.0,"g":1.0,"b":1.0}},{"UUID":"5:839","layoutMainAxisSizing":null,"layoutCrossAxisSizing":null,"name":"Label Dark / Tertiary","isVisible":false,"boundaryRectangle":null,"style":null,"prototypeNodeUUID":null,"child":null,"constraints":null,"description":"","pbdlType":"global_color","color":{"a":1.0,"r":0.9215686321258545,"g":0.9215686321258545,"b":0.9607843160629272}},{"UUID":"5:840","layoutMainAxisSizing":null,"layoutCrossAxisSizing":null,"name":"Color Light / Green","isVisible":false,"boundaryRectangle":null,"style":null,"prototypeNodeUUID":null,"child":null,"constraints":null,"description":"","pbdlType":"global_color","color":{"a":1.0,"r":0.20392157137393951,"g":0.7803921699523926,"b":0.3490196168422699}},{"UUID":"5:841","layoutMainAxisSizing":null,"layoutCrossAxisSizing":null,"name":"Color Dark / Yellow","isVisible":false,"boundaryRectangle":null,"style":null,"prototypeNodeUUID":null,"child":null,"constraints":null,"description":"","pbdlType":"global_color","color":{"a":1.0,"r":1.0,"g":0.8392156958580017,"b":0.03921568766236305}},{"UUID":"5:842","layoutMainAxisSizing":null,"layoutCrossAxisSizing":null,"name":"SystemGreen / Light","isVisible":false,"boundaryRectangle":null,"style":null,"prototypeNodeUUID":null,"child":null,"constraints":null,"description":"class var systemGreen: UIColor","pbdlType":"global_color","color":{"a":1.0,"r":0.20392157137393951,"g":0.7803921699523926,"b":0.3490196168422699}},{"UUID":"2:69","layoutMainAxisSizing":null,"layoutCrossAxisSizing":null,"name":"Primary Colors/Simple Yellow/200","isVisible":false,"boundaryRectangle":null,"style":null,"prototypeNodeUUID":null,"child":null,"constraints":null,"description":"","pbdlType":"global_color","color":{"a":1.0,"r":1.0,"g":0.6901960968971252,"b":0.0}},{"UUID":"2:76","layoutMainAxisSizing":null,"layoutCrossAxisSizing":null,"name":"Primary Colors/Simple Black/500","isVisible":false,"boundaryRectangle":null,"style":null,"prototypeNodeUUID":null,"child":null,"constraints":null,"description":"","pbdlType":"global_color","color":{"a":1.0,"r":0.46336624026298523,"g":0.46336621046066284,"b":0.46336621046066284}},{"UUID":"2:239","layoutMainAxisSizing":null,"layoutCrossAxisSizing":null,"name":"slate/400","isVisible":false,"boundaryRectangle":null,"style":null,"prototypeNodeUUID":null,"child":null,"constraints":null,"description":"","pbdlType":"global_color","color":{"a":1.0,"r":0.5803921818733215,"g":0.6392157077789307,"b":0.7215686440467834}},{"UUID":"5:107","layoutMainAxisSizing":null,"layoutCrossAxisSizing":null,"name":"white","isVisible":false,"boundaryRectangle":null,"style":null,"prototypeNodeUUID":null,"child":null,"constraints":null,"description":"","pbdlType":"global_color","color":{"a":1.0,"r":1.0,"g":1.0,"b":1.0}},{"UUID":"5:1416","layoutMainAxisSizing":null,"layoutCrossAxisSizing":null,"name":"indigo/700","isVisible":false,"boundaryRectangle":null,"style":null,"prototypeNodeUUID":null,"child":null,"constraints":null,"description":"","pbdlType":"global_color","color":{"a":1.0,"r":0.26274511218070984,"g":0.21960784494876862,"b":0.7921568751335144}},{"UUID":"34:466","layoutMainAxisSizing":null,"layoutCrossAxisSizing":null,"name":"Black/10","isVisible":false,"boundaryRectangle":null,"style":null,"prototypeNodeUUID":null,"child":null,"constraints":null,"description":"","pbdlType":"global_color","color":{"a":1.0,"r":0.9098039269447327,"g":0.9098039269447327,"b":0.9098039269447327}}],"textStyles":[],"themeColors":[],"themeTextStyles":[]},"pbdlType":"project","azure_container_uri":"https://pbnestcore.blob.core.windows.net/lrtabw5cqsnxj7t8nfgxbu"}